<?xml version="1.0" encoding="UTF-8"?>
<project xmlns="http://www.netbeans.org/ns/project/1">
    <type>com.microchip.mplab.nbide.embedded.makeproject</type>
    <configuration>
        <data xmlns="http://www.netbeans.org/ns/make-project/1">
            <name>Pic24_Bootloader</name>
            <creation-uuid>e71e9f5e-a664-4477-885f-689a57e233f0</creation-uuid>
            <make-project-type>0</make-project-type>
            <c-extensions>c</c-extensions>
            <cpp-extensions/>
            <header-extensions>h</header-extensions>
            <asminc-extensions/>
            <sourceEncoding>ISO-8859-1</sourceEncoding>
            <make-dep-projects/>
            <sourceRootList>
                <sourceRootElem>.</sourceRootElem>
                <sourceRootElem>../05-Enecsy.X</sourceRootElem>
                <sourceRootElem>../Baby-Enecsys-19</sourceRootElem>
                <sourceRootElem>C:/PVKey/PvKey-Boot1/Bootloader-01</sourceRootElem>
                <sourceRootElem>C:/PVKey2/PvKey-Boot1/PvKey-Boot-test3</sourceRootElem>
                <sourceRootElem>C:/PvKey-Boot2/Bootloader-1</sourceRootElem>
                <sourceRootElem>C:/PvKey/Boot_Loader/HV_B_1_1-04-BL-4</sourceRootElem>
            </sourceRootList>
            <confList>
                <confElem>
                    <name>default</name>
                    <type>2</type>
                </confElem>
            </confList>
            <formatting>
                <project-formatting-style>false</project-formatting-style>
            </formatting>
        </data>
    </configuration>
</project>
