<?xml version="1.0" encoding="UTF-8"?>
<project-private xmlns="http://www.netbeans.org/ns/project-private/1">
    <editor-bookmarks xmlns="http://www.netbeans.org/ns/editor-bookmarks/2" lastBookmarkId="5">
        <file>
            <url>Enecsys1.c</url>
            <bookmark id="3">
                <name/>
                <line>263</line>
                <key/>
            </bookmark>
            <bookmark id="2">
                <name/>
                <line>320</line>
                <key/>
            </bookmark>
        </file>
    </editor-bookmarks>
    <open-files xmlns="http://www.netbeans.org/ns/projectui-open-files/2">
        <group>
            <file>file:/C:/PVKEY-DEV/Firmware/HV-DEV/P24_Bootloader_1.24/Pic24_Bootloader_IO.c</file>
            <file>file:/C:/PVKEY-DEV/Firmware/HV-DEV/P24_Bootloader_1.24/Pic24_Bootloader_Flash.c</file>
            <file>file:/C:/PVKEY-DEV/Firmware/HV-DEV/P24_Bootloader_1.24/Pic24_Bootloader_2.c</file>
            <file>file:/C:/PVKEY-DEV/Firmware/HV-DEV/P24_Bootloader_1.24/Pic24_Bootloader_1.c</file>
            <file>file:/C:/PVKEY-DEV/Firmware/HV-DEV/P24_Bootloader_1.24/Pic24_Bootloader_Console.c</file>
            <file>file:/C:/PVKEY-DEV/Firmware/HV-DEV/P24_Bootloader_1.24/Pic24_Bootloader_Timer.c</file>
        </group>
    </open-files>
</project-private>
