<?xml version="1.0" encoding="UTF-8"?>
<configurationDescriptor version="65">
  <logicalFolder name="root" displayName="root" projectFiles="true">
    <logicalFolder name="HeaderFiles"
                   displayName="Header Files"
                   projectFiles="true">
      <itemPath>HAL_Uart.h</itemPath>
      <itemPath>HAL_WiMesh.h</itemPath>
      <itemPath>APP_DC_LINK.H</itemPath>
      <itemPath>APP_AC_GRID.h</itemPath>
      <itemPath>HAL_ADC.h</itemPath>
      <itemPath>APP_KWH.h</itemPath>
      <itemPath>APP_Diagnostics.h</itemPath>
      <itemPath>APP_Inverter.h</itemPath>
      <itemPath>HAL_IO_Port.h</itemPath>
      <itemPath>TYPE_DEFS.h</itemPath>
      <itemPath>HAL_Peripheral.h</itemPath>
      <itemPath>APP_Console.h</itemPath>
      <itemPath>APP_Task.H</itemPath>
      <itemPath>APP_MPPT.h</itemPath>
      <itemPath>HAL_JST_LED_SW.h</itemPath>
      <itemPath>WIFI.h</itemPath>
      <itemPath>WIFI_CODES.H</itemPath>
      <itemPath>HAL_SPI_EEPROM.h</itemPath>
      <itemPath>HAL_Temperature.h</itemPath>
      <itemPath>APP_GEO.h</itemPath>
      <itemPath>APP_NVS.H</itemPath>
      <itemPath>HAL_Faults.h</itemPath>
      <itemPath>APP_ZNet.h</itemPath>
      <itemPath>app_p24_flash.h</itemPath>
      <itemPath>Debug.h</itemPath>
      <itemPath>APP_NVS_Tune.h</itemPath>
      <itemPath>HAL_PWM.H</itemPath>
    </logicalFolder>
    <logicalFolder name="LinkerScript"
                   displayName="Linker Files"
                   projectFiles="true">
      <itemPath>Pic24_Application.gld</itemPath>
    </logicalFolder>
    <logicalFolder name="f1" displayName="Notes" projectFiles="true">
    </logicalFolder>
    <logicalFolder name="SourceFiles"
                   displayName="Source Files"
                   projectFiles="true">
      <itemPath>APP_config_bits.c</itemPath>
      <itemPath>HAL_Uart.c</itemPath>
      <itemPath>APP_DC_LINK.c</itemPath>
      <itemPath>HAL_ISR_TRAP.c</itemPath>
      <itemPath>APP_KWH.c</itemPath>
      <itemPath>APP_Diagnostics.c</itemPath>
      <itemPath>HAL_Peripheral_Config.c</itemPath>
      <itemPath>HAL_IO_Port.c</itemPath>
      <itemPath>APP_Console1.c</itemPath>
      <itemPath>APP_Console2.c</itemPath>
      <itemPath>APP_Console3.c</itemPath>
      <itemPath>APP_Base64.c</itemPath>
      <itemPath>HAL_JST_LED_SW.c</itemPath>
      <itemPath>APP_Misc.c</itemPath>
      <itemPath>APP_Run.c</itemPath>
      <itemPath>APP_Task.c</itemPath>
      <itemPath>APP_BootLoader.c</itemPath>
      <itemPath>APP_Start.c</itemPath>
      <itemPath>HAL_ISR_Timer_5.c</itemPath>
      <itemPath>HAL_TEMPERATURE.c</itemPath>
      <itemPath>APP_MPPT.c</itemPath>
      <itemPath>APP_GEO.c</itemPath>
      <itemPath>APP_NVS.c</itemPath>
      <itemPath>HAL_Faults.c</itemPath>
      <itemPath>HAL_SPI_EEPROM.c</itemPath>
      <itemPath>APP_ZNet1.c</itemPath>
      <itemPath>APP_ZNet2_WiMesh.c</itemPath>
      <itemPath>APP_ZNet3_RPC.c</itemPath>
      <itemPath>app_p24_flash.c</itemPath>
      <itemPath>HAL_ISR_PHASE_LO.c</itemPath>
      <itemPath>HAL_PWM_V240_60.c</itemPath>
      <itemPath>HAL_PWM_V360_72.c</itemPath>
      <itemPath>HAL_PWM_V480_60.c</itemPath>
      <itemPath>HAL_ISR_Zero_Cross.c</itemPath>
      <itemPath>HAL_ISR_Bootloader.c</itemPath>
      <itemPath>HAL_ISR_ADC.c</itemPath>
      <itemPath>APP_AC_FREQ.c</itemPath>
      <itemPath>Debug1.c</itemPath>
      <itemPath>Debug2.c</itemPath>
      <itemPath>Debug_UFB.c</itemPath>
      <itemPath>Debug_DCL.c</itemPath>
      <itemPath>Debug_PWM.c</itemPath>
      <itemPath>PWM_TABLE_V360.c</itemPath>
      <itemPath>APP_NVS_Tune.c</itemPath>
      <itemPath>Debug_ACV.c</itemPath>
      <itemPath>HAL_PWM1.c</itemPath>
      <itemPath>HAL_PWM2.c</itemPath>
    </logicalFolder>
    <logicalFolder name="ExternalFiles"
                   displayName="Important Files"
                   projectFiles="false">
      <itemPath>Makefile</itemPath>
    </logicalFolder>
  </logicalFolder>
  <sourceRootList>
    <Elem>.</Elem>
    <Elem>C:/PvKey/Bootloader-12/HV_G_1_7_A_240-05</Elem>
    <Elem>../P24_HV_2_10-02</Elem>
    <Elem>../P24_HV_2_18-11</Elem>
  </sourceRootList>
  <projectmakefile>Makefile</projectmakefile>
  <confs>
    <conf name="Bootloader_360_72" type="2">
      <toolsSet>
        <developmentServer>localhost</developmentServer>
        <targetDevice>PIC24FJ64GA004</targetDevice>
        <targetHeader></targetHeader>
        <targetPluginBoard></targetPluginBoard>
        <platformTool>noID</platformTool>
        <languageToolchain>XC16</languageToolchain>
        <languageToolchainVersion>2.10</languageToolchainVersion>
        <platform>3</platform>
      </toolsSet>
      <packs>
        <pack name="PIC24F-GA-GB_DFP" vendor="Microchip" version="1.9.336"/>
      </packs>
      <ScriptingSettings>
      </ScriptingSettings>
      <compileType>
        <linkerTool>
          <linkerLibItems>
          </linkerLibItems>
        </linkerTool>
        <archiverTool>
        </archiverTool>
        <loading>
          <useAlternateLoadableFile>false</useAlternateLoadableFile>
          <parseOnProdLoad>false</parseOnProdLoad>
          <alternateLoadableFile></alternateLoadableFile>
        </loading>
        <subordinates>
        </subordinates>
      </compileType>
      <makeCustomizationType>
        <makeCustomizationPreStepEnabled>false</makeCustomizationPreStepEnabled>
        <makeUseCleanTarget>false</makeUseCleanTarget>
        <makeCustomizationPreStep></makeCustomizationPreStep>
        <makeCustomizationPostStepEnabled>true</makeCustomizationPostStepEnabled>
        <makeCustomizationPostStep>cp ${ImagePath}  Bootloader_360_72_V3_37.hex</makeCustomizationPostStep>
        <makeCustomizationPutChecksumInUserID>false</makeCustomizationPutChecksumInUserID>
        <makeCustomizationEnableLongLines>false</makeCustomizationEnableLongLines>
        <makeCustomizationNormalizeHexFile>true</makeCustomizationNormalizeHexFile>
      </makeCustomizationType>
      <item path="APP_BootLoader.c" ex="false" overriding="false">
        <C30>
        </C30>
        <C30-AR>
        </C30-AR>
        <C30-AS>
        </C30-AS>
        <C30-CO>
        </C30-CO>
        <C30-LD>
        </C30-LD>
        <C30Global>
        </C30Global>
      </item>
      <item path="APP_config_bits.c" ex="true" overriding="false">
        <C30>
        </C30>
        <C30-AR>
        </C30-AR>
        <C30-AS>
        </C30-AS>
        <C30-CO>
        </C30-CO>
        <C30-LD>
        </C30-LD>
        <C30Global>
        </C30Global>
      </item>
      <C30>
        <property key="cast-align" value="false"/>
        <property key="code-model" value="small-code"/>
        <property key="const-model" value="default"/>
        <property key="data-model" value="small-data"/>
        <property key="disable-instruction-scheduling" value="false"/>
        <property key="enable-all-warnings" value="true"/>
        <property key="enable-ansi-std" value="false"/>
        <property key="enable-ansi-warnings" value="false"/>
        <property key="enable-fatal-warnings" value="false"/>
        <property key="enable-large-arrays" value="false"/>
        <property key="enable-omit-frame-pointer" value="false"/>
        <property key="enable-procedural-abstraction" value="false"/>
        <property key="enable-short-double" value="false"/>
        <property key="enable-symbols" value="false"/>
        <property key="enable-unroll-loops" value="false"/>
        <property key="expand-pragma-config" value="false"/>
        <property key="extra-include-directories" value=""/>
        <property key="isolate-each-function" value="false"/>
        <property key="keep-inline" value="false"/>
        <property key="oXC16gcc-align-arr" value="false"/>
        <property key="oXC16gcc-cnsts-mauxflash" value="false"/>
        <property key="oXC16gcc-data-sects" value="false"/>
        <property key="oXC16gcc-errata" value=""/>
        <property key="oXC16gcc-fillupper" value=""/>
        <property key="oXC16gcc-large-aggregate" value="false"/>
        <property key="oXC16gcc-mauxflash" value="false"/>
        <property key="oXC16gcc-mpa-lvl" value=""/>
        <property key="oXC16gcc-name-text-sec" value=""/>
        <property key="oXC16gcc-near-chars" value="false"/>
        <property key="oXC16gcc-no-isr-warn" value="false"/>
        <property key="oXC16gcc-sfr-warn" value="false"/>
        <property key="oXC16gcc-smar-io-lvl" value="1"/>
        <property key="oXC16gcc-smart-io-fmt" value=""/>
        <property key="optimization-level" value="1"/>
        <property key="post-instruction-scheduling" value="default"/>
        <property key="pre-instruction-scheduling" value="default"/>
        <property key="preprocessor-macros"
                  value="SMI360_72;Uses_Bootloader;Uses_Console"/>
        <property key="scalar-model" value="small-scalar"/>
        <property key="use-cci" value="false"/>
        <property key="use-iar" value="false"/>
      </C30>
      <C30-AR>
        <property key="additional-options-chop-files" value="false"/>
      </C30-AR>
      <C30-AS>
        <property key="assembler-symbols" value=""/>
        <property key="expand-macros" value="false"/>
        <property key="extra-include-directories-for-assembler" value=""/>
        <property key="extra-include-directories-for-preprocessor" value=""/>
        <property key="false-conditionals" value="false"/>
        <property key="keep-locals" value="false"/>
        <property key="list-assembly" value="false"/>
        <property key="list-section-info" value="false"/>
        <property key="list-source" value="false"/>
        <property key="list-symbols" value="false"/>
        <property key="oXC16asm-extra-opts" value=""/>
        <property key="oXC16asm-list-to-file" value="false"/>
        <property key="omit-debug-dirs" value="false"/>
        <property key="omit-forms" value="false"/>
        <property key="preprocessor-macros" value=""/>
        <property key="relax" value="false"/>
        <property key="warning-level" value="emit-warnings"/>
      </C30-AS>
      <C30-CO>
        <property key="coverage-enable" value=""/>
        <property key="stack-guidance" value="true"/>
      </C30-CO>
      <C30-LD>
        <property key="additional-options-use-response-files" value="false"/>
        <property key="boot-eeprom" value="no_eeprom"/>
        <property key="boot-flash" value="no_flash"/>
        <property key="boot-ram" value="no_ram"/>
        <property key="boot-write-protect" value="no_write_protect"/>
        <property key="enable-check-sections" value="false"/>
        <property key="enable-data-init" value="true"/>
        <property key="enable-default-isr" value="true"/>
        <property key="enable-handles" value="true"/>
        <property key="enable-pack-data" value="true"/>
        <property key="extra-lib-directories" value=""/>
        <property key="fill-flash-options-addr" value=""/>
        <property key="fill-flash-options-const" value=""/>
        <property key="fill-flash-options-how" value="0"/>
        <property key="fill-flash-options-inc-const" value="1"/>
        <property key="fill-flash-options-increment" value=""/>
        <property key="fill-flash-options-seq" value=""/>
        <property key="fill-flash-options-what" value="0"/>
        <property key="general-code-protect" value="no_code_protect"/>
        <property key="general-write-protect" value="no_write_protect"/>
        <property key="generate-cross-reference-file" value="false"/>
        <property key="heap-size" value=""/>
        <property key="input-libraries" value=""/>
        <property key="linker-stack" value="true"/>
        <property key="linker-symbols" value=""/>
        <property key="map-file" value="${DISTDIR}/${PROJECTNAME}.${IMAGE_TYPE}.map"/>
        <property key="no-ivt" value="false"/>
        <property key="oXC16ld-extra-opts" value=""/>
        <property key="oXC16ld-fill-upper" value="0"/>
        <property key="oXC16ld-force-link" value="false"/>
        <property key="oXC16ld-no-smart-io" value="false"/>
        <property key="oXC16ld-nostdlib" value="false"/>
        <property key="oXC16ld-stackguard" value="16"/>
        <property key="preprocessor-macros" value=""/>
        <property key="remove-unused-sections" value="false"/>
        <property key="report-memory-usage" value="true"/>
        <property key="secure-eeprom" value="no_eeprom"/>
        <property key="secure-flash" value="no_flash"/>
        <property key="secure-ram" value="no_ram"/>
        <property key="secure-write-protect" value="no_write_protect"/>
        <property key="stack-size" value="16"/>
        <property key="symbol-stripping" value=""/>
        <property key="trace-symbols" value=""/>
        <property key="warn-section-align" value="false"/>
      </C30-LD>
      <C30Global>
        <property key="combine-sourcefiles" value="false"/>
        <property key="common-include-directories" value=""/>
        <property key="dual-boot-partition" value="0"/>
        <property key="fast-math" value="false"/>
        <property key="generic-16-bit" value="false"/>
        <property key="legacy-libc" value="false"/>
        <property key="mpreserve-all" value="false"/>
        <property key="oXC16glb-macros" value=""/>
        <property key="omit-pack-options" value="1"/>
        <property key="output-file-format" value="elf"/>
        <property key="preserve-all" value="false"/>
        <property key="preserve-file" value=""/>
        <property key="relaxed-math" value="false"/>
        <property key="save-temps" value="false"/>
      </C30Global>
      <item path="HAL_ISR_ADC.c" ex="false" overriding="false">
        <C30>
          <property key="cast-align" value="false"/>
          <property key="code-model" value="small-code"/>
          <property key="const-model" value="default"/>
          <property key="data-model" value="small-data"/>
          <property key="disable-instruction-scheduling" value="false"/>
          <property key="enable-all-warnings" value="true"/>
          <property key="enable-ansi-std" value="false"/>
          <property key="enable-ansi-warnings" value="false"/>
          <property key="enable-fatal-warnings" value="false"/>
          <property key="enable-large-arrays" value="false"/>
          <property key="enable-omit-frame-pointer" value="false"/>
          <property key="enable-procedural-abstraction" value="false"/>
          <property key="enable-short-double" value="false"/>
          <property key="enable-symbols" value="false"/>
          <property key="enable-unroll-loops" value="false"/>
          <property key="expand-pragma-config" value="false"/>
          <property key="extra-include-directories" value=""/>
          <property key="isolate-each-function" value="false"/>
          <property key="keep-inline" value="false"/>
          <property key="oXC16gcc-align-arr" value="false"/>
          <property key="oXC16gcc-cnsts-mauxflash" value="false"/>
          <property key="oXC16gcc-data-sects" value="false"/>
          <property key="oXC16gcc-errata" value=""/>
          <property key="oXC16gcc-fillupper" value=""/>
          <property key="oXC16gcc-large-aggregate" value="false"/>
          <property key="oXC16gcc-mauxflash" value="false"/>
          <property key="oXC16gcc-mpa-lvl" value=""/>
          <property key="oXC16gcc-name-text-sec" value=""/>
          <property key="oXC16gcc-near-chars" value="false"/>
          <property key="oXC16gcc-no-isr-warn" value="false"/>
          <property key="oXC16gcc-sfr-warn" value="false"/>
          <property key="oXC16gcc-smar-io-lvl" value="1"/>
          <property key="oXC16gcc-smart-io-fmt" value=""/>
          <property key="optimization-level" value="2"/>
          <property key="post-instruction-scheduling" value="default"/>
          <property key="pre-instruction-scheduling" value="default"/>
          <property key="preprocessor-macros"
                    value="SMI360_72;Uses_Bootloader;Uses_Console;Uses_Auto_Grid1;Uses_Debug;Uses_Diag1"/>
          <property key="scalar-model" value="small-scalar"/>
          <property key="use-cci" value="false"/>
          <property key="use-iar" value="false"/>
        </C30>
        <C30-AR>
          <property key="additional-options-chop-files" value="false"/>
        </C30-AR>
        <C30-AS>
          <property key="assembler-symbols" value=""/>
          <property key="expand-macros" value="false"/>
          <property key="extra-include-directories-for-assembler" value=""/>
          <property key="extra-include-directories-for-preprocessor" value=""/>
          <property key="false-conditionals" value="false"/>
          <property key="keep-locals" value="false"/>
          <property key="list-assembly" value="false"/>
          <property key="list-section-info" value="false"/>
          <property key="list-source" value="false"/>
          <property key="list-symbols" value="false"/>
          <property key="oXC16asm-extra-opts" value=""/>
          <property key="oXC16asm-list-to-file" value="false"/>
          <property key="omit-debug-dirs" value="false"/>
          <property key="omit-forms" value="false"/>
          <property key="preprocessor-macros" value=""/>
          <property key="relax" value="false"/>
          <property key="warning-level" value="emit-warnings"/>
        </C30-AS>
        <C30-CO>
          <property key="coverage-enable" value=""/>
          <property key="stack-guidance" value="false"/>
        </C30-CO>
        <C30-LD>
        </C30-LD>
        <C30Global>
        </C30Global>
      </item>
      <item path="HAL_ISR_Zero_Cross.c" ex="false" overriding="false">
        <C30>
          <property key="generic-16-bit.suppress" value="true"/>
          <property key="noEdsSupport" value="true"/>
          <property key="opt-xc16-linker-response-files.suppress" value="false"/>
          <property key="opt-xc32-ar-chop-files.suppress" value="false"/>
        </C30>
        <C30-AR>
          <property key="generic-16-bit.suppress" value="true"/>
          <property key="noEdsSupport" value="true"/>
          <property key="opt-xc16-linker-response-files.suppress" value="false"/>
          <property key="opt-xc32-ar-chop-files.suppress" value="false"/>
        </C30-AR>
        <C30-AS>
        </C30-AS>
        <C30-CO>
        </C30-CO>
        <C30-LD>
        </C30-LD>
        <C30Global>
        </C30Global>
      </item>
      <item path="HAL_PWM1.c" ex="false" overriding="false">
        <C30>
          <property key="cast-align" value="false"/>
          <property key="code-model" value="small-code"/>
          <property key="const-model" value="default"/>
          <property key="data-model" value="small-data"/>
          <property key="disable-instruction-scheduling" value="false"/>
          <property key="enable-all-warnings" value="true"/>
          <property key="enable-ansi-std" value="false"/>
          <property key="enable-ansi-warnings" value="false"/>
          <property key="enable-fatal-warnings" value="false"/>
          <property key="enable-large-arrays" value="false"/>
          <property key="enable-omit-frame-pointer" value="false"/>
          <property key="enable-procedural-abstraction" value="false"/>
          <property key="enable-short-double" value="false"/>
          <property key="enable-symbols" value="false"/>
          <property key="enable-unroll-loops" value="false"/>
          <property key="expand-pragma-config" value="false"/>
          <property key="extra-include-directories" value=""/>
          <property key="isolate-each-function" value="false"/>
          <property key="keep-inline" value="false"/>
          <property key="oXC16gcc-align-arr" value="false"/>
          <property key="oXC16gcc-cnsts-mauxflash" value="false"/>
          <property key="oXC16gcc-data-sects" value="false"/>
          <property key="oXC16gcc-errata" value=""/>
          <property key="oXC16gcc-fillupper" value=""/>
          <property key="oXC16gcc-large-aggregate" value="false"/>
          <property key="oXC16gcc-mauxflash" value="false"/>
          <property key="oXC16gcc-mpa-lvl" value=""/>
          <property key="oXC16gcc-name-text-sec" value=""/>
          <property key="oXC16gcc-near-chars" value="false"/>
          <property key="oXC16gcc-no-isr-warn" value="false"/>
          <property key="oXC16gcc-sfr-warn" value="false"/>
          <property key="oXC16gcc-smar-io-lvl" value="1"/>
          <property key="oXC16gcc-smart-io-fmt" value=""/>
          <property key="optimization-level" value="2"/>
          <property key="post-instruction-scheduling" value="default"/>
          <property key="pre-instruction-scheduling" value="default"/>
          <property key="preprocessor-macros"
                    value="SMI360_72;Uses_Bootloader;Uses_Console;Uses_Auto_Grid1;Uses_Debug;Uses_Diag1"/>
          <property key="scalar-model" value="small-scalar"/>
          <property key="use-cci" value="false"/>
          <property key="use-iar" value="false"/>
        </C30>
        <C30-AR>
          <property key="additional-options-chop-files" value="false"/>
        </C30-AR>
        <C30-AS>
          <property key="assembler-symbols" value=""/>
          <property key="expand-macros" value="false"/>
          <property key="extra-include-directories-for-assembler" value=""/>
          <property key="extra-include-directories-for-preprocessor" value=""/>
          <property key="false-conditionals" value="false"/>
          <property key="keep-locals" value="false"/>
          <property key="list-assembly" value="false"/>
          <property key="list-section-info" value="false"/>
          <property key="list-source" value="false"/>
          <property key="list-symbols" value="false"/>
          <property key="oXC16asm-extra-opts" value=""/>
          <property key="oXC16asm-list-to-file" value="false"/>
          <property key="omit-debug-dirs" value="false"/>
          <property key="omit-forms" value="false"/>
          <property key="preprocessor-macros" value=""/>
          <property key="relax" value="false"/>
          <property key="warning-level" value="emit-warnings"/>
        </C30-AS>
        <C30-CO>
          <property key="coverage-enable" value=""/>
          <property key="stack-guidance" value="false"/>
        </C30-CO>
        <C30-LD>
        </C30-LD>
        <C30Global>
        </C30Global>
      </item>
      <item path="HAL_PWM2.c" ex="false" overriding="false">
        <C30>
        </C30>
        <C30-AR>
        </C30-AR>
        <C30-AS>
        </C30-AS>
        <C30-CO>
        </C30-CO>
        <C30-LD>
        </C30-LD>
        <C30Global>
        </C30Global>
      </item>
      <ICD3PlatformTool>
        <property key="ADC 1" value="true"/>
        <property key="AutoSelectMemRanges" value="auto"/>
        <property key="CRC" value="true"/>
        <property key="Freeze All Other Peripherals" value="true"/>
        <property key="I2C1" value="true"/>
        <property key="I2C2" value="true"/>
        <property key="INPUT CAPTURE 1" value="true"/>
        <property key="INPUT CAPTURE 2" value="true"/>
        <property key="INPUT CAPTURE 3" value="true"/>
        <property key="INPUT CAPTURE 4" value="true"/>
        <property key="INPUT CAPTURE 5" value="true"/>
        <property key="OUTPUT COMPARE 1" value="true"/>
        <property key="OUTPUT COMPARE 2" value="true"/>
        <property key="OUTPUT COMPARE 3" value="true"/>
        <property key="OUTPUT COMPARE 4" value="true"/>
        <property key="OUTPUT COMPARE 5" value="true"/>
        <property key="SPI 1" value="true"/>
        <property key="SPI 2" value="true"/>
        <property key="SecureSegment.SegmentProgramming" value="FullChipProgramming"/>
        <property key="TIMER1" value="true"/>
        <property key="TIMER2" value="true"/>
        <property key="TIMER3" value="true"/>
        <property key="TIMER4" value="true"/>
        <property key="TIMER5" value="true"/>
        <property key="ToolFirmwareFilePath"
                  value="Press to browse for a specific firmware version"/>
        <property key="ToolFirmwareOption.UseLatestFirmware" value="true"/>
        <property key="UART 1" value="true"/>
        <property key="UART 2" value="true"/>
        <property key="debugoptions.useswbreakpoints" value="false"/>
        <property key="hwtoolclock.frcindebug" value="false"/>
        <property key="memories.aux" value="false"/>
        <property key="memories.bootflash" value="false"/>
        <property key="memories.configurationmemory" value="true"/>
        <property key="memories.configurationmemory2" value="true"/>
        <property key="memories.dataflash" value="true"/>
        <property key="memories.eeprom" value="true"/>
        <property key="memories.flashdata" value="true"/>
        <property key="memories.id" value="true"/>
        <property key="memories.programmemory" value="true"/>
        <property key="memories.programmemory.end" value="0xabfb"/>
        <property key="memories.programmemory.partition2" value="true"/>
        <property key="memories.programmemory.partition2.end"
                  value="${memories.programmemory.partition2.end.value}"/>
        <property key="memories.programmemory.partition2.start"
                  value="${memories.programmemory.partition2.start.value}"/>
        <property key="memories.programmemory.start" value="0x0"/>
        <property key="poweroptions.powerenable" value="false"/>
        <property key="programoptions.donoteraseauxmem" value="false"/>
        <property key="programoptions.eraseb4program" value="true"/>
        <property key="programoptions.preservedataflash" value="false"/>
        <property key="programoptions.preserveeeprom" value="false"/>
        <property key="programoptions.preserveprogramrange" value="false"/>
        <property key="programoptions.preserveprogramrange.end" value="0xabfb"/>
        <property key="programoptions.preserveprogramrange.start" value="0x0"/>
        <property key="programoptions.preserveuserid" value="false"/>
        <property key="programoptions.programcalmem" value="false"/>
        <property key="programoptions.programuserotp" value="false"/>
        <property key="programoptions.testmodeentrymethod" value="VDDFirst"/>
        <property key="programoptions.usehighvoltageonmclr" value="false"/>
        <property key="programoptions.uselvpprogramming" value="false"/>
        <property key="voltagevalue" value="3.25"/>
      </ICD3PlatformTool>
      <PICkit3PlatformTool>
        <property key="ADC 1" value="true"/>
        <property key="AutoSelectMemRanges" value="auto"/>
        <property key="CRC" value="true"/>
        <property key="Freeze All Other Peripherals" value="true"/>
        <property key="I2C1" value="true"/>
        <property key="I2C2" value="true"/>
        <property key="INPUT CAPTURE 1" value="true"/>
        <property key="INPUT CAPTURE 2" value="true"/>
        <property key="INPUT CAPTURE 3" value="true"/>
        <property key="INPUT CAPTURE 4" value="true"/>
        <property key="INPUT CAPTURE 5" value="true"/>
        <property key="OUTPUT COMPARE 1" value="true"/>
        <property key="OUTPUT COMPARE 2" value="true"/>
        <property key="OUTPUT COMPARE 3" value="true"/>
        <property key="OUTPUT COMPARE 4" value="true"/>
        <property key="OUTPUT COMPARE 5" value="true"/>
        <property key="SPI 1" value="true"/>
        <property key="SPI 2" value="true"/>
        <property key="SecureSegment.SegmentProgramming" value="FullChipProgramming"/>
        <property key="TIMER1" value="true"/>
        <property key="TIMER2" value="true"/>
        <property key="TIMER3" value="true"/>
        <property key="TIMER4" value="true"/>
        <property key="TIMER5" value="true"/>
        <property key="ToolFirmwareFilePath"
                  value="Press to browse for a specific firmware version"/>
        <property key="ToolFirmwareOption.UseLatestFirmware" value="true"/>
        <property key="UART 1" value="true"/>
        <property key="UART 2" value="true"/>
        <property key="debugoptions.useswbreakpoints" value="false"/>
        <property key="hwtoolclock.frcindebug" value="false"/>
        <property key="memories.aux" value="false"/>
        <property key="memories.bootflash" value="true"/>
        <property key="memories.configurationmemory" value="true"/>
        <property key="memories.configurationmemory2" value="true"/>
        <property key="memories.dataflash" value="true"/>
        <property key="memories.eeprom" value="true"/>
        <property key="memories.flashdata" value="true"/>
        <property key="memories.id" value="true"/>
        <property key="memories.instruction.ram" value="true"/>
        <property key="memories.instruction.ram.ranges"
                  value="${memories.instruction.ram.ranges}"/>
        <property key="memories.programmemory" value="true"/>
        <property key="memories.programmemory.ranges" value="0-abfb"/>
        <property key="poweroptions.powerenable" value="false"/>
        <property key="programmertogo.imagename" value=""/>
        <property key="programoptions.donoteraseauxmem" value="false"/>
        <property key="programoptions.eraseb4program" value="true"/>
        <property key="programoptions.pgmspeed" value="2"/>
        <property key="programoptions.preservedataflash" value="false"/>
        <property key="programoptions.preservedataflash.ranges"
                  value="${programoptions.preservedataflash.ranges}"/>
        <property key="programoptions.preserveeeprom" value="false"/>
        <property key="programoptions.preserveeeprom.ranges" value=""/>
        <property key="programoptions.preserveprogram.ranges" value=""/>
        <property key="programoptions.preserveprogramrange" value="false"/>
        <property key="programoptions.preserveuserid" value="false"/>
        <property key="programoptions.programcalmem" value="false"/>
        <property key="programoptions.programuserotp" value="false"/>
        <property key="programoptions.testmodeentrymethod" value="VDDFirst"/>
        <property key="programoptions.usehighvoltageonmclr" value="false"/>
        <property key="programoptions.uselvpprogramming" value="false"/>
        <property key="voltagevalue" value="3.25"/>
      </PICkit3PlatformTool>
      <item path="Pic24_Application.gld" ex="false" overriding="false">
        <C30>
        </C30>
        <C30-AR>
        </C30-AR>
        <C30-AS>
        </C30-AS>
        <C30-CO>
        </C30-CO>
        <C30-LD>
        </C30-LD>
        <C30Global>
        </C30Global>
      </item>
    </conf>
    <conf name="Pickit_360_72" type="2">
      <toolsSet>
        <developmentServer>localhost</developmentServer>
        <targetDevice>PIC24FJ64GA004</targetDevice>
        <targetHeader></targetHeader>
        <targetPluginBoard></targetPluginBoard>
        <platformTool>noID</platformTool>
        <languageToolchain>XC16</languageToolchain>
        <languageToolchainVersion>1.70</languageToolchainVersion>
        <platform>3</platform>
      </toolsSet>
      <packs>
        <pack name="PIC24F-GA-GB_DFP" vendor="Microchip" version="1.4.141"/>
      </packs>
      <ScriptingSettings>
      </ScriptingSettings>
      <compileType>
        <linkerTool>
          <linkerLibItems>
          </linkerLibItems>
        </linkerTool>
        <archiverTool>
        </archiverTool>
        <loading>
          <useAlternateLoadableFile>false</useAlternateLoadableFile>
          <parseOnProdLoad>false</parseOnProdLoad>
          <alternateLoadableFile></alternateLoadableFile>
        </loading>
        <subordinates>
        </subordinates>
      </compileType>
      <makeCustomizationType>
        <makeCustomizationPreStepEnabled>false</makeCustomizationPreStepEnabled>
        <makeUseCleanTarget>false</makeUseCleanTarget>
        <makeCustomizationPreStep></makeCustomizationPreStep>
        <makeCustomizationPostStepEnabled>true</makeCustomizationPostStepEnabled>
        <makeCustomizationPostStep>cp ${ImagePath}  Pickit_360_72_Console_v3_03.hex</makeCustomizationPostStep>
        <makeCustomizationPutChecksumInUserID>false</makeCustomizationPutChecksumInUserID>
        <makeCustomizationEnableLongLines>false</makeCustomizationEnableLongLines>
        <makeCustomizationNormalizeHexFile>true</makeCustomizationNormalizeHexFile>
      </makeCustomizationType>
      <item path="APP_BootLoader.c" ex="true" overriding="false">
        <C30>
        </C30>
        <C30-AR>
        </C30-AR>
        <C30-AS>
        </C30-AS>
        <C30-CO>
        </C30-CO>
        <C30-LD>
        </C30-LD>
        <C30Global>
        </C30Global>
      </item>
      <item path="APP_config_bits.c" ex="false" overriding="false">
        <C30>
        </C30>
        <C30-AR>
        </C30-AR>
        <C30-AS>
        </C30-AS>
        <C30-CO>
        </C30-CO>
        <C30-LD>
        </C30-LD>
        <C30Global>
        </C30Global>
      </item>
      <C30>
        <property key="cast-align" value="false"/>
        <property key="code-model" value="small-code"/>
        <property key="const-model" value="default"/>
        <property key="data-model" value="small-data"/>
        <property key="disable-instruction-scheduling" value="false"/>
        <property key="enable-all-warnings" value="true"/>
        <property key="enable-ansi-std" value="false"/>
        <property key="enable-ansi-warnings" value="false"/>
        <property key="enable-fatal-warnings" value="false"/>
        <property key="enable-large-arrays" value="false"/>
        <property key="enable-omit-frame-pointer" value="false"/>
        <property key="enable-procedural-abstraction" value="false"/>
        <property key="enable-short-double" value="false"/>
        <property key="enable-symbols" value="false"/>
        <property key="enable-unroll-loops" value="false"/>
        <property key="expand-pragma-config" value="false"/>
        <property key="extra-include-directories" value=""/>
        <property key="isolate-each-function" value="false"/>
        <property key="keep-inline" value="false"/>
        <property key="oXC16gcc-align-arr" value="false"/>
        <property key="oXC16gcc-cnsts-mauxflash" value="false"/>
        <property key="oXC16gcc-data-sects" value="false"/>
        <property key="oXC16gcc-errata" value=""/>
        <property key="oXC16gcc-fillupper" value=""/>
        <property key="oXC16gcc-large-aggregate" value="false"/>
        <property key="oXC16gcc-mauxflash" value="false"/>
        <property key="oXC16gcc-mpa-lvl" value=""/>
        <property key="oXC16gcc-name-text-sec" value=""/>
        <property key="oXC16gcc-near-chars" value="false"/>
        <property key="oXC16gcc-no-isr-warn" value="false"/>
        <property key="oXC16gcc-sfr-warn" value="false"/>
        <property key="oXC16gcc-smar-io-lvl" value="1"/>
        <property key="oXC16gcc-smart-io-fmt" value=""/>
        <property key="optimization-level" value="1"/>
        <property key="post-instruction-scheduling" value="default"/>
        <property key="pre-instruction-scheduling" value="default"/>
        <property key="preprocessor-macros" value="SMI360_72;Uses_Console"/>
        <property key="scalar-model" value="small-scalar"/>
        <property key="use-cci" value="false"/>
        <property key="use-iar" value="false"/>
      </C30>
      <C30-AR>
        <property key="additional-options-chop-files" value="false"/>
      </C30-AR>
      <C30-AS>
        <property key="assembler-symbols" value=""/>
        <property key="expand-macros" value="false"/>
        <property key="extra-include-directories-for-assembler" value=""/>
        <property key="extra-include-directories-for-preprocessor" value=""/>
        <property key="false-conditionals" value="false"/>
        <property key="keep-locals" value="false"/>
        <property key="list-assembly" value="false"/>
        <property key="list-section-info" value="false"/>
        <property key="list-source" value="false"/>
        <property key="list-symbols" value="false"/>
        <property key="oXC16asm-extra-opts" value=""/>
        <property key="oXC16asm-list-to-file" value="false"/>
        <property key="omit-debug-dirs" value="false"/>
        <property key="omit-forms" value="false"/>
        <property key="preprocessor-macros" value=""/>
        <property key="relax" value="false"/>
        <property key="warning-level" value="emit-warnings"/>
      </C30-AS>
      <C30-CO>
        <property key="coverage-enable" value=""/>
        <property key="stack-guidance" value="false"/>
      </C30-CO>
      <C30-LD>
        <property key="additional-options-use-response-files" value="false"/>
        <property key="boot-eeprom" value="no_eeprom"/>
        <property key="boot-flash" value="no_flash"/>
        <property key="boot-ram" value="no_ram"/>
        <property key="boot-write-protect" value="no_write_protect"/>
        <property key="enable-check-sections" value="false"/>
        <property key="enable-data-init" value="true"/>
        <property key="enable-default-isr" value="true"/>
        <property key="enable-handles" value="true"/>
        <property key="enable-pack-data" value="true"/>
        <property key="extra-lib-directories" value=""/>
        <property key="fill-flash-options-addr" value=""/>
        <property key="fill-flash-options-const" value=""/>
        <property key="fill-flash-options-how" value="0"/>
        <property key="fill-flash-options-inc-const" value="1"/>
        <property key="fill-flash-options-increment" value=""/>
        <property key="fill-flash-options-seq" value=""/>
        <property key="fill-flash-options-what" value="0"/>
        <property key="general-code-protect" value="no_code_protect"/>
        <property key="general-write-protect" value="no_write_protect"/>
        <property key="generate-cross-reference-file" value="false"/>
        <property key="heap-size" value=""/>
        <property key="input-libraries" value=""/>
        <property key="linker-stack" value="true"/>
        <property key="linker-symbols" value=""/>
        <property key="map-file" value="${DISTDIR}/${PROJECTNAME}.${IMAGE_TYPE}.map"/>
        <property key="no-ivt" value="false"/>
        <property key="oXC16ld-extra-opts" value=""/>
        <property key="oXC16ld-fill-upper" value="0"/>
        <property key="oXC16ld-force-link" value="false"/>
        <property key="oXC16ld-no-smart-io" value="false"/>
        <property key="oXC16ld-nostdlib" value="false"/>
        <property key="oXC16ld-stackguard" value="16"/>
        <property key="preprocessor-macros" value=""/>
        <property key="remove-unused-sections" value="false"/>
        <property key="report-memory-usage" value="true"/>
        <property key="secure-eeprom" value="no_eeprom"/>
        <property key="secure-flash" value="no_flash"/>
        <property key="secure-ram" value="no_ram"/>
        <property key="secure-write-protect" value="no_write_protect"/>
        <property key="stack-size" value="16"/>
        <property key="symbol-stripping" value=""/>
        <property key="trace-symbols" value=""/>
        <property key="warn-section-align" value="false"/>
      </C30-LD>
      <C30Global>
        <property key="combine-sourcefiles" value="false"/>
        <property key="common-include-directories" value=""/>
        <property key="dual-boot-partition" value="0"/>
        <property key="fast-math" value="false"/>
        <property key="generic-16-bit" value="false"/>
        <property key="legacy-libc" value="true"/>
        <property key="mpreserve-all" value="false"/>
        <property key="oXC16glb-macros" value=""/>
        <property key="omit-pack-options" value="1"/>
        <property key="output-file-format" value="elf"/>
        <property key="preserve-all" value="false"/>
        <property key="preserve-file" value=""/>
        <property key="relaxed-math" value="false"/>
        <property key="save-temps" value="false"/>
      </C30Global>
      <ICD3PlatformTool>
        <property key="ADC 1" value="true"/>
        <property key="AutoSelectMemRanges" value="auto"/>
        <property key="CRC" value="true"/>
        <property key="Freeze All Other Peripherals" value="true"/>
        <property key="I2C1" value="true"/>
        <property key="I2C2" value="true"/>
        <property key="INPUT CAPTURE 1" value="true"/>
        <property key="INPUT CAPTURE 2" value="true"/>
        <property key="INPUT CAPTURE 3" value="true"/>
        <property key="INPUT CAPTURE 4" value="true"/>
        <property key="INPUT CAPTURE 5" value="true"/>
        <property key="OUTPUT COMPARE 1" value="true"/>
        <property key="OUTPUT COMPARE 2" value="true"/>
        <property key="OUTPUT COMPARE 3" value="true"/>
        <property key="OUTPUT COMPARE 4" value="true"/>
        <property key="OUTPUT COMPARE 5" value="true"/>
        <property key="SPI 1" value="true"/>
        <property key="SPI 2" value="true"/>
        <property key="SecureSegment.SegmentProgramming" value="FullChipProgramming"/>
        <property key="TIMER1" value="true"/>
        <property key="TIMER2" value="true"/>
        <property key="TIMER3" value="true"/>
        <property key="TIMER4" value="true"/>
        <property key="TIMER5" value="true"/>
        <property key="ToolFirmwareFilePath"
                  value="Press to browse for a specific firmware version"/>
        <property key="ToolFirmwareOption.UseLatestFirmware" value="true"/>
        <property key="UART 1" value="true"/>
        <property key="UART 2" value="true"/>
        <property key="debugoptions.useswbreakpoints" value="false"/>
        <property key="hwtoolclock.frcindebug" value="false"/>
        <property key="memories.aux" value="false"/>
        <property key="memories.bootflash" value="false"/>
        <property key="memories.configurationmemory" value="true"/>
        <property key="memories.configurationmemory2" value="true"/>
        <property key="memories.dataflash" value="true"/>
        <property key="memories.eeprom" value="true"/>
        <property key="memories.flashdata" value="true"/>
        <property key="memories.id" value="true"/>
        <property key="memories.programmemory" value="true"/>
        <property key="memories.programmemory.end" value="0xabfb"/>
        <property key="memories.programmemory.partition2" value="true"/>
        <property key="memories.programmemory.partition2.end"
                  value="${memories.programmemory.partition2.end.value}"/>
        <property key="memories.programmemory.partition2.start"
                  value="${memories.programmemory.partition2.start.value}"/>
        <property key="memories.programmemory.start" value="0x0"/>
        <property key="poweroptions.powerenable" value="false"/>
        <property key="programoptions.donoteraseauxmem" value="false"/>
        <property key="programoptions.eraseb4program" value="true"/>
        <property key="programoptions.preservedataflash" value="false"/>
        <property key="programoptions.preserveeeprom" value="false"/>
        <property key="programoptions.preserveprogramrange" value="false"/>
        <property key="programoptions.preserveprogramrange.end" value="0xabfb"/>
        <property key="programoptions.preserveprogramrange.start" value="0x0"/>
        <property key="programoptions.preserveuserid" value="false"/>
        <property key="programoptions.programcalmem" value="false"/>
        <property key="programoptions.programuserotp" value="false"/>
        <property key="programoptions.testmodeentrymethod" value="VDDFirst"/>
        <property key="programoptions.usehighvoltageonmclr" value="false"/>
        <property key="programoptions.uselvpprogramming" value="false"/>
        <property key="voltagevalue" value="3.25"/>
      </ICD3PlatformTool>
      <PICkit3PlatformTool>
        <property key="ADC 1" value="true"/>
        <property key="AutoSelectMemRanges" value="auto"/>
        <property key="CRC" value="true"/>
        <property key="Freeze All Other Peripherals" value="true"/>
        <property key="I2C1" value="true"/>
        <property key="I2C2" value="true"/>
        <property key="INPUT CAPTURE 1" value="true"/>
        <property key="INPUT CAPTURE 2" value="true"/>
        <property key="INPUT CAPTURE 3" value="true"/>
        <property key="INPUT CAPTURE 4" value="true"/>
        <property key="INPUT CAPTURE 5" value="true"/>
        <property key="OUTPUT COMPARE 1" value="true"/>
        <property key="OUTPUT COMPARE 2" value="true"/>
        <property key="OUTPUT COMPARE 3" value="true"/>
        <property key="OUTPUT COMPARE 4" value="true"/>
        <property key="OUTPUT COMPARE 5" value="true"/>
        <property key="SPI 1" value="true"/>
        <property key="SPI 2" value="true"/>
        <property key="SecureSegment.SegmentProgramming" value="FullChipProgramming"/>
        <property key="TIMER1" value="true"/>
        <property key="TIMER2" value="true"/>
        <property key="TIMER3" value="true"/>
        <property key="TIMER4" value="true"/>
        <property key="TIMER5" value="true"/>
        <property key="ToolFirmwareFilePath"
                  value="Press to browse for a specific firmware version"/>
        <property key="ToolFirmwareOption.UseLatestFirmware" value="true"/>
        <property key="UART 1" value="true"/>
        <property key="UART 2" value="true"/>
        <property key="debugoptions.useswbreakpoints" value="false"/>
        <property key="hwtoolclock.frcindebug" value="false"/>
        <property key="memories.aux" value="false"/>
        <property key="memories.bootflash" value="true"/>
        <property key="memories.configurationmemory" value="true"/>
        <property key="memories.configurationmemory2" value="true"/>
        <property key="memories.dataflash" value="true"/>
        <property key="memories.eeprom" value="true"/>
        <property key="memories.flashdata" value="true"/>
        <property key="memories.id" value="true"/>
        <property key="memories.instruction.ram" value="true"/>
        <property key="memories.instruction.ram.ranges"
                  value="${memories.instruction.ram.ranges}"/>
        <property key="memories.programmemory" value="true"/>
        <property key="memories.programmemory.ranges" value="0-abfb"/>
        <property key="poweroptions.powerenable" value="false"/>
        <property key="programmertogo.imagename" value=""/>
        <property key="programoptions.donoteraseauxmem" value="false"/>
        <property key="programoptions.eraseb4program" value="true"/>
        <property key="programoptions.pgmspeed" value="2"/>
        <property key="programoptions.preservedataflash" value="false"/>
        <property key="programoptions.preservedataflash.ranges"
                  value="${programoptions.preservedataflash.ranges}"/>
        <property key="programoptions.preserveeeprom" value="false"/>
        <property key="programoptions.preserveeeprom.ranges" value=""/>
        <property key="programoptions.preserveprogram.ranges" value=""/>
        <property key="programoptions.preserveprogramrange" value="false"/>
        <property key="programoptions.preserveuserid" value="false"/>
        <property key="programoptions.programcalmem" value="false"/>
        <property key="programoptions.programuserotp" value="false"/>
        <property key="programoptions.testmodeentrymethod" value="VDDFirst"/>
        <property key="programoptions.usehighvoltageonmclr" value="false"/>
        <property key="programoptions.uselvpprogramming" value="false"/>
        <property key="voltagevalue" value="3.25"/>
      </PICkit3PlatformTool>
      <item path="Pic24_Application.gld" ex="true" overriding="false">
        <C30>
        </C30>
        <C30-AR>
        </C30-AR>
        <C30-AS>
        </C30-AS>
        <C30-CO>
        </C30-CO>
        <C30-LD>
        </C30-LD>
        <C30Global>
        </C30Global>
      </item>
    </conf>
    <conf name="Bootloader_480_60" type="2">
      <toolsSet>
        <developmentServer>localhost</developmentServer>
        <targetDevice>PIC24FJ64GA004</targetDevice>
        <targetHeader></targetHeader>
        <targetPluginBoard></targetPluginBoard>
        <platformTool>noID</platformTool>
        <languageToolchain>XC16</languageToolchain>
        <languageToolchainVersion>1.70</languageToolchainVersion>
        <platform>3</platform>
      </toolsSet>
      <packs>
        <pack name="PIC24F-GA-GB_DFP" vendor="Microchip" version="1.4.141"/>
      </packs>
      <ScriptingSettings>
      </ScriptingSettings>
      <compileType>
        <linkerTool>
          <linkerLibItems>
          </linkerLibItems>
        </linkerTool>
        <archiverTool>
        </archiverTool>
        <loading>
          <useAlternateLoadableFile>false</useAlternateLoadableFile>
          <parseOnProdLoad>false</parseOnProdLoad>
          <alternateLoadableFile></alternateLoadableFile>
        </loading>
        <subordinates>
        </subordinates>
      </compileType>
      <makeCustomizationType>
        <makeCustomizationPreStepEnabled>false</makeCustomizationPreStepEnabled>
        <makeUseCleanTarget>false</makeUseCleanTarget>
        <makeCustomizationPreStep></makeCustomizationPreStep>
        <makeCustomizationPostStepEnabled>true</makeCustomizationPostStepEnabled>
        <makeCustomizationPostStep>cp ${ImagePath}  Bootloader_480_60_V3_05.hex</makeCustomizationPostStep>
        <makeCustomizationPutChecksumInUserID>false</makeCustomizationPutChecksumInUserID>
        <makeCustomizationEnableLongLines>false</makeCustomizationEnableLongLines>
        <makeCustomizationNormalizeHexFile>true</makeCustomizationNormalizeHexFile>
      </makeCustomizationType>
      <item path="APP_BootLoader.c" ex="false" overriding="false">
        <C30>
        </C30>
        <C30-AR>
        </C30-AR>
        <C30-AS>
        </C30-AS>
        <C30-CO>
        </C30-CO>
        <C30-LD>
        </C30-LD>
        <C30Global>
        </C30Global>
      </item>
      <item path="APP_config_bits.c" ex="true" overriding="false">
        <C30>
        </C30>
        <C30-AR>
        </C30-AR>
        <C30-AS>
        </C30-AS>
        <C30-CO>
        </C30-CO>
        <C30-LD>
        </C30-LD>
        <C30Global>
        </C30Global>
      </item>
      <C30>
        <property key="cast-align" value="false"/>
        <property key="code-model" value="small-code"/>
        <property key="const-model" value="const-in-code"/>
        <property key="data-model" value="small-data"/>
        <property key="disable-instruction-scheduling" value="false"/>
        <property key="enable-all-warnings" value="true"/>
        <property key="enable-ansi-std" value="false"/>
        <property key="enable-ansi-warnings" value="false"/>
        <property key="enable-fatal-warnings" value="false"/>
        <property key="enable-large-arrays" value="false"/>
        <property key="enable-omit-frame-pointer" value="false"/>
        <property key="enable-procedural-abstraction" value="false"/>
        <property key="enable-short-double" value="false"/>
        <property key="enable-symbols" value="false"/>
        <property key="enable-unroll-loops" value="false"/>
        <property key="expand-pragma-config" value="false"/>
        <property key="extra-include-directories" value=""/>
        <property key="isolate-each-function" value="false"/>
        <property key="keep-inline" value="false"/>
        <property key="oXC16gcc-align-arr" value="false"/>
        <property key="oXC16gcc-cnsts-mauxflash" value="false"/>
        <property key="oXC16gcc-data-sects" value="false"/>
        <property key="oXC16gcc-errata" value=""/>
        <property key="oXC16gcc-fillupper" value=""/>
        <property key="oXC16gcc-large-aggregate" value="false"/>
        <property key="oXC16gcc-mauxflash" value="false"/>
        <property key="oXC16gcc-mpa-lvl" value=""/>
        <property key="oXC16gcc-name-text-sec" value=""/>
        <property key="oXC16gcc-near-chars" value="false"/>
        <property key="oXC16gcc-no-isr-warn" value="false"/>
        <property key="oXC16gcc-sfr-warn" value="false"/>
        <property key="oXC16gcc-smar-io-lvl" value="1"/>
        <property key="oXC16gcc-smart-io-fmt" value=""/>
        <property key="optimization-level" value="1"/>
        <property key="post-instruction-scheduling" value="default"/>
        <property key="pre-instruction-scheduling" value="default"/>
        <property key="preprocessor-macros"
                  value="Uses_Bootloader;SMI480_60;Uses_Console"/>
        <property key="scalar-model" value="small-scalar"/>
        <property key="use-cci" value="false"/>
        <property key="use-iar" value="false"/>
      </C30>
      <C30-AR>
        <property key="additional-options-chop-files" value="false"/>
      </C30-AR>
      <C30-AS>
        <property key="assembler-symbols" value=""/>
        <property key="expand-macros" value="false"/>
        <property key="extra-include-directories-for-assembler" value=""/>
        <property key="extra-include-directories-for-preprocessor" value=""/>
        <property key="false-conditionals" value="false"/>
        <property key="keep-locals" value="false"/>
        <property key="list-assembly" value="false"/>
        <property key="list-section-info" value="false"/>
        <property key="list-source" value="false"/>
        <property key="list-symbols" value="false"/>
        <property key="oXC16asm-extra-opts" value=""/>
        <property key="oXC16asm-list-to-file" value="false"/>
        <property key="omit-debug-dirs" value="false"/>
        <property key="omit-forms" value="false"/>
        <property key="preprocessor-macros" value=""/>
        <property key="relax" value="false"/>
        <property key="warning-level" value="emit-warnings"/>
      </C30-AS>
      <C30-CO>
        <property key="coverage-enable" value=""/>
        <property key="stack-guidance" value="false"/>
      </C30-CO>
      <C30-LD>
        <property key="additional-options-use-response-files" value="false"/>
        <property key="boot-eeprom" value="no_eeprom"/>
        <property key="boot-flash" value="no_flash"/>
        <property key="boot-ram" value="no_ram"/>
        <property key="boot-write-protect" value="no_write_protect"/>
        <property key="enable-check-sections" value="false"/>
        <property key="enable-data-init" value="true"/>
        <property key="enable-default-isr" value="true"/>
        <property key="enable-handles" value="true"/>
        <property key="enable-pack-data" value="true"/>
        <property key="extra-lib-directories" value=""/>
        <property key="fill-flash-options-addr" value=""/>
        <property key="fill-flash-options-const" value=""/>
        <property key="fill-flash-options-how" value="0"/>
        <property key="fill-flash-options-inc-const" value="1"/>
        <property key="fill-flash-options-increment" value=""/>
        <property key="fill-flash-options-seq" value=""/>
        <property key="fill-flash-options-what" value="0"/>
        <property key="general-code-protect" value="no_code_protect"/>
        <property key="general-write-protect" value="no_write_protect"/>
        <property key="generate-cross-reference-file" value="false"/>
        <property key="heap-size" value=""/>
        <property key="input-libraries" value=""/>
        <property key="linker-stack" value="true"/>
        <property key="linker-symbols" value=""/>
        <property key="map-file" value="${DISTDIR}/${PROJECTNAME}.${IMAGE_TYPE}.map"/>
        <property key="no-ivt" value="false"/>
        <property key="oXC16ld-extra-opts" value=""/>
        <property key="oXC16ld-fill-upper" value="0"/>
        <property key="oXC16ld-force-link" value="false"/>
        <property key="oXC16ld-no-smart-io" value="false"/>
        <property key="oXC16ld-nostdlib" value="false"/>
        <property key="oXC16ld-stackguard" value="16"/>
        <property key="preprocessor-macros" value=""/>
        <property key="remove-unused-sections" value="false"/>
        <property key="report-memory-usage" value="true"/>
        <property key="secure-eeprom" value="no_eeprom"/>
        <property key="secure-flash" value="no_flash"/>
        <property key="secure-ram" value="no_ram"/>
        <property key="secure-write-protect" value="no_write_protect"/>
        <property key="stack-size" value="16"/>
        <property key="symbol-stripping" value=""/>
        <property key="trace-symbols" value=""/>
        <property key="warn-section-align" value="false"/>
      </C30-LD>
      <C30Global>
        <property key="combine-sourcefiles" value="false"/>
        <property key="common-include-directories" value=""/>
        <property key="dual-boot-partition" value="0"/>
        <property key="fast-math" value="false"/>
        <property key="generic-16-bit" value="false"/>
        <property key="legacy-libc" value="true"/>
        <property key="mpreserve-all" value="false"/>
        <property key="oXC16glb-macros" value=""/>
        <property key="omit-pack-options" value="1"/>
        <property key="output-file-format" value="elf"/>
        <property key="preserve-all" value="false"/>
        <property key="preserve-file" value=""/>
        <property key="relaxed-math" value="false"/>
        <property key="save-temps" value="false"/>
      </C30Global>
      <ICD3PlatformTool>
        <property key="ADC 1" value="true"/>
        <property key="AutoSelectMemRanges" value="auto"/>
        <property key="CRC" value="true"/>
        <property key="Freeze All Other Peripherals" value="true"/>
        <property key="I2C1" value="true"/>
        <property key="I2C2" value="true"/>
        <property key="INPUT CAPTURE 1" value="true"/>
        <property key="INPUT CAPTURE 2" value="true"/>
        <property key="INPUT CAPTURE 3" value="true"/>
        <property key="INPUT CAPTURE 4" value="true"/>
        <property key="INPUT CAPTURE 5" value="true"/>
        <property key="OUTPUT COMPARE 1" value="true"/>
        <property key="OUTPUT COMPARE 2" value="true"/>
        <property key="OUTPUT COMPARE 3" value="true"/>
        <property key="OUTPUT COMPARE 4" value="true"/>
        <property key="OUTPUT COMPARE 5" value="true"/>
        <property key="SPI 1" value="true"/>
        <property key="SPI 2" value="true"/>
        <property key="SecureSegment.SegmentProgramming" value="FullChipProgramming"/>
        <property key="TIMER1" value="true"/>
        <property key="TIMER2" value="true"/>
        <property key="TIMER3" value="true"/>
        <property key="TIMER4" value="true"/>
        <property key="TIMER5" value="true"/>
        <property key="ToolFirmwareFilePath"
                  value="Press to browse for a specific firmware version"/>
        <property key="ToolFirmwareOption.UseLatestFirmware" value="true"/>
        <property key="UART 1" value="true"/>
        <property key="UART 2" value="true"/>
        <property key="debugoptions.useswbreakpoints" value="false"/>
        <property key="hwtoolclock.frcindebug" value="false"/>
        <property key="memories.aux" value="false"/>
        <property key="memories.bootflash" value="false"/>
        <property key="memories.configurationmemory" value="true"/>
        <property key="memories.configurationmemory2" value="true"/>
        <property key="memories.dataflash" value="true"/>
        <property key="memories.eeprom" value="true"/>
        <property key="memories.flashdata" value="true"/>
        <property key="memories.id" value="true"/>
        <property key="memories.programmemory" value="true"/>
        <property key="memories.programmemory.end" value="0xabfb"/>
        <property key="memories.programmemory.partition2" value="true"/>
        <property key="memories.programmemory.partition2.end"
                  value="${memories.programmemory.partition2.end.value}"/>
        <property key="memories.programmemory.partition2.start"
                  value="${memories.programmemory.partition2.start.value}"/>
        <property key="memories.programmemory.start" value="0x0"/>
        <property key="poweroptions.powerenable" value="false"/>
        <property key="programoptions.donoteraseauxmem" value="false"/>
        <property key="programoptions.eraseb4program" value="true"/>
        <property key="programoptions.preservedataflash" value="false"/>
        <property key="programoptions.preserveeeprom" value="false"/>
        <property key="programoptions.preserveprogramrange" value="false"/>
        <property key="programoptions.preserveprogramrange.end" value="0xabfb"/>
        <property key="programoptions.preserveprogramrange.start" value="0x0"/>
        <property key="programoptions.preserveuserid" value="false"/>
        <property key="programoptions.programcalmem" value="false"/>
        <property key="programoptions.programuserotp" value="false"/>
        <property key="programoptions.testmodeentrymethod" value="VDDFirst"/>
        <property key="programoptions.usehighvoltageonmclr" value="false"/>
        <property key="programoptions.uselvpprogramming" value="false"/>
        <property key="voltagevalue" value="3.25"/>
      </ICD3PlatformTool>
      <PICkit3PlatformTool>
        <property key="ADC 1" value="true"/>
        <property key="AutoSelectMemRanges" value="auto"/>
        <property key="CRC" value="true"/>
        <property key="Freeze All Other Peripherals" value="true"/>
        <property key="I2C1" value="true"/>
        <property key="I2C2" value="true"/>
        <property key="INPUT CAPTURE 1" value="true"/>
        <property key="INPUT CAPTURE 2" value="true"/>
        <property key="INPUT CAPTURE 3" value="true"/>
        <property key="INPUT CAPTURE 4" value="true"/>
        <property key="INPUT CAPTURE 5" value="true"/>
        <property key="OUTPUT COMPARE 1" value="true"/>
        <property key="OUTPUT COMPARE 2" value="true"/>
        <property key="OUTPUT COMPARE 3" value="true"/>
        <property key="OUTPUT COMPARE 4" value="true"/>
        <property key="OUTPUT COMPARE 5" value="true"/>
        <property key="SPI 1" value="true"/>
        <property key="SPI 2" value="true"/>
        <property key="SecureSegment.SegmentProgramming" value="FullChipProgramming"/>
        <property key="TIMER1" value="true"/>
        <property key="TIMER2" value="true"/>
        <property key="TIMER3" value="true"/>
        <property key="TIMER4" value="true"/>
        <property key="TIMER5" value="true"/>
        <property key="ToolFirmwareFilePath"
                  value="Press to browse for a specific firmware version"/>
        <property key="ToolFirmwareOption.UseLatestFirmware" value="true"/>
        <property key="UART 1" value="true"/>
        <property key="UART 2" value="true"/>
        <property key="debugoptions.useswbreakpoints" value="false"/>
        <property key="hwtoolclock.frcindebug" value="false"/>
        <property key="memories.aux" value="false"/>
        <property key="memories.bootflash" value="true"/>
        <property key="memories.configurationmemory" value="true"/>
        <property key="memories.configurationmemory2" value="true"/>
        <property key="memories.dataflash" value="true"/>
        <property key="memories.eeprom" value="true"/>
        <property key="memories.flashdata" value="true"/>
        <property key="memories.id" value="true"/>
        <property key="memories.instruction.ram" value="true"/>
        <property key="memories.instruction.ram.ranges"
                  value="${memories.instruction.ram.ranges}"/>
        <property key="memories.programmemory" value="true"/>
        <property key="memories.programmemory.ranges" value="0-abfb"/>
        <property key="poweroptions.powerenable" value="false"/>
        <property key="programmertogo.imagename" value=""/>
        <property key="programoptions.donoteraseauxmem" value="false"/>
        <property key="programoptions.eraseb4program" value="true"/>
        <property key="programoptions.pgmspeed" value="2"/>
        <property key="programoptions.preservedataflash" value="false"/>
        <property key="programoptions.preservedataflash.ranges"
                  value="${programoptions.preservedataflash.ranges}"/>
        <property key="programoptions.preserveeeprom" value="false"/>
        <property key="programoptions.preserveeeprom.ranges" value=""/>
        <property key="programoptions.preserveprogram.ranges" value=""/>
        <property key="programoptions.preserveprogramrange" value="false"/>
        <property key="programoptions.preserveuserid" value="false"/>
        <property key="programoptions.programcalmem" value="false"/>
        <property key="programoptions.programuserotp" value="false"/>
        <property key="programoptions.testmodeentrymethod" value="VDDFirst"/>
        <property key="programoptions.usehighvoltageonmclr" value="false"/>
        <property key="programoptions.uselvpprogramming" value="false"/>
        <property key="voltagevalue" value="3.25"/>
      </PICkit3PlatformTool>
      <item path="Pic24_Application.gld" ex="false" overriding="false">
        <C30>
        </C30>
        <C30-AR>
        </C30-AR>
        <C30-AS>
        </C30-AS>
        <C30-CO>
        </C30-CO>
        <C30-LD>
        </C30-LD>
        <C30Global>
        </C30Global>
      </item>
    </conf>
    <conf name="Bootloader_240_60" type="2">
      <toolsSet>
        <developmentServer>localhost</developmentServer>
        <targetDevice>PIC24FJ64GA004</targetDevice>
        <targetHeader></targetHeader>
        <targetPluginBoard></targetPluginBoard>
        <platformTool>noID</platformTool>
        <languageToolchain>XC16</languageToolchain>
        <languageToolchainVersion>2.10</languageToolchainVersion>
        <platform>3</platform>
      </toolsSet>
      <packs>
        <pack name="PIC24F-GA-GB_DFP" vendor="Microchip" version="1.4.141"/>
      </packs>
      <ScriptingSettings>
      </ScriptingSettings>
      <compileType>
        <linkerTool>
          <linkerLibItems>
          </linkerLibItems>
        </linkerTool>
        <archiverTool>
        </archiverTool>
        <loading>
          <useAlternateLoadableFile>false</useAlternateLoadableFile>
          <parseOnProdLoad>false</parseOnProdLoad>
          <alternateLoadableFile></alternateLoadableFile>
        </loading>
        <subordinates>
        </subordinates>
      </compileType>
      <makeCustomizationType>
        <makeCustomizationPreStepEnabled>false</makeCustomizationPreStepEnabled>
        <makeUseCleanTarget>false</makeUseCleanTarget>
        <makeCustomizationPreStep></makeCustomizationPreStep>
        <makeCustomizationPostStepEnabled>true</makeCustomizationPostStepEnabled>
        <makeCustomizationPostStep>cp ${ImagePath}  Bootloader_240_60_V3_37.hex</makeCustomizationPostStep>
        <makeCustomizationPutChecksumInUserID>false</makeCustomizationPutChecksumInUserID>
        <makeCustomizationEnableLongLines>false</makeCustomizationEnableLongLines>
        <makeCustomizationNormalizeHexFile>true</makeCustomizationNormalizeHexFile>
      </makeCustomizationType>
      <item path="APP_BootLoader.c" ex="false" overriding="false">
        <C30>
        </C30>
        <C30-AR>
        </C30-AR>
        <C30-AS>
        </C30-AS>
        <C30-CO>
        </C30-CO>
        <C30-LD>
        </C30-LD>
        <C30Global>
        </C30Global>
      </item>
      <item path="APP_config_bits.c" ex="true" overriding="false">
        <C30>
        </C30>
        <C30-AR>
        </C30-AR>
        <C30-AS>
        </C30-AS>
        <C30-CO>
        </C30-CO>
        <C30-LD>
        </C30-LD>
        <C30Global>
        </C30Global>
      </item>
      <C30>
        <property key="cast-align" value="false"/>
        <property key="code-model" value="small-code"/>
        <property key="const-model" value="default"/>
        <property key="data-model" value="small-data"/>
        <property key="disable-instruction-scheduling" value="false"/>
        <property key="enable-all-warnings" value="true"/>
        <property key="enable-ansi-std" value="false"/>
        <property key="enable-ansi-warnings" value="false"/>
        <property key="enable-fatal-warnings" value="false"/>
        <property key="enable-large-arrays" value="false"/>
        <property key="enable-omit-frame-pointer" value="false"/>
        <property key="enable-procedural-abstraction" value="false"/>
        <property key="enable-short-double" value="false"/>
        <property key="enable-symbols" value="false"/>
        <property key="enable-unroll-loops" value="false"/>
        <property key="expand-pragma-config" value="false"/>
        <property key="extra-include-directories" value=""/>
        <property key="isolate-each-function" value="false"/>
        <property key="keep-inline" value="false"/>
        <property key="oXC16gcc-align-arr" value="false"/>
        <property key="oXC16gcc-cnsts-mauxflash" value="false"/>
        <property key="oXC16gcc-data-sects" value="false"/>
        <property key="oXC16gcc-errata" value=""/>
        <property key="oXC16gcc-fillupper" value=""/>
        <property key="oXC16gcc-large-aggregate" value="false"/>
        <property key="oXC16gcc-mauxflash" value="false"/>
        <property key="oXC16gcc-mpa-lvl" value=""/>
        <property key="oXC16gcc-name-text-sec" value=""/>
        <property key="oXC16gcc-near-chars" value="false"/>
        <property key="oXC16gcc-no-isr-warn" value="false"/>
        <property key="oXC16gcc-sfr-warn" value="false"/>
        <property key="oXC16gcc-smar-io-lvl" value="1"/>
        <property key="oXC16gcc-smart-io-fmt" value=""/>
        <property key="optimization-level" value="1"/>
        <property key="post-instruction-scheduling" value="default"/>
        <property key="pre-instruction-scheduling" value="default"/>
        <property key="preprocessor-macros"
                  value="SMI240_60;Uses_Bootloader;Uses_Console"/>
        <property key="scalar-model" value="small-scalar"/>
        <property key="use-cci" value="false"/>
        <property key="use-iar" value="false"/>
      </C30>
      <C30-AR>
        <property key="additional-options-chop-files" value="false"/>
      </C30-AR>
      <C30-AS>
        <property key="assembler-symbols" value=""/>
        <property key="expand-macros" value="false"/>
        <property key="extra-include-directories-for-assembler" value=""/>
        <property key="extra-include-directories-for-preprocessor" value=""/>
        <property key="false-conditionals" value="false"/>
        <property key="keep-locals" value="false"/>
        <property key="list-assembly" value="false"/>
        <property key="list-section-info" value="false"/>
        <property key="list-source" value="false"/>
        <property key="list-symbols" value="false"/>
        <property key="oXC16asm-extra-opts" value=""/>
        <property key="oXC16asm-list-to-file" value="false"/>
        <property key="omit-debug-dirs" value="false"/>
        <property key="omit-forms" value="false"/>
        <property key="preprocessor-macros" value=""/>
        <property key="relax" value="false"/>
        <property key="warning-level" value="emit-warnings"/>
      </C30-AS>
      <C30-CO>
        <property key="coverage-enable" value=""/>
        <property key="stack-guidance" value="true"/>
      </C30-CO>
      <C30-LD>
        <property key="additional-options-use-response-files" value="false"/>
        <property key="boot-eeprom" value="no_eeprom"/>
        <property key="boot-flash" value="no_flash"/>
        <property key="boot-ram" value="no_ram"/>
        <property key="boot-write-protect" value="no_write_protect"/>
        <property key="enable-check-sections" value="false"/>
        <property key="enable-data-init" value="true"/>
        <property key="enable-default-isr" value="true"/>
        <property key="enable-handles" value="true"/>
        <property key="enable-pack-data" value="true"/>
        <property key="extra-lib-directories" value=""/>
        <property key="fill-flash-options-addr" value=""/>
        <property key="fill-flash-options-const" value=""/>
        <property key="fill-flash-options-how" value="0"/>
        <property key="fill-flash-options-inc-const" value="1"/>
        <property key="fill-flash-options-increment" value=""/>
        <property key="fill-flash-options-seq" value=""/>
        <property key="fill-flash-options-what" value="0"/>
        <property key="general-code-protect" value="no_code_protect"/>
        <property key="general-write-protect" value="no_write_protect"/>
        <property key="generate-cross-reference-file" value="false"/>
        <property key="heap-size" value=""/>
        <property key="input-libraries" value=""/>
        <property key="linker-stack" value="true"/>
        <property key="linker-symbols" value=""/>
        <property key="map-file" value="${DISTDIR}/${PROJECTNAME}.${IMAGE_TYPE}.map"/>
        <property key="no-ivt" value="false"/>
        <property key="oXC16ld-extra-opts" value=""/>
        <property key="oXC16ld-fill-upper" value="0"/>
        <property key="oXC16ld-force-link" value="false"/>
        <property key="oXC16ld-no-smart-io" value="false"/>
        <property key="oXC16ld-nostdlib" value="false"/>
        <property key="oXC16ld-stackguard" value="16"/>
        <property key="preprocessor-macros" value=""/>
        <property key="remove-unused-sections" value="false"/>
        <property key="report-memory-usage" value="true"/>
        <property key="secure-eeprom" value="no_eeprom"/>
        <property key="secure-flash" value="no_flash"/>
        <property key="secure-ram" value="no_ram"/>
        <property key="secure-write-protect" value="no_write_protect"/>
        <property key="stack-size" value="16"/>
        <property key="symbol-stripping" value=""/>
        <property key="trace-symbols" value=""/>
        <property key="warn-section-align" value="false"/>
      </C30-LD>
      <C30Global>
        <property key="combine-sourcefiles" value="false"/>
        <property key="common-include-directories" value=""/>
        <property key="dual-boot-partition" value="0"/>
        <property key="fast-math" value="false"/>
        <property key="generic-16-bit" value="false"/>
        <property key="legacy-libc" value="false"/>
        <property key="mpreserve-all" value="false"/>
        <property key="oXC16glb-macros" value=""/>
        <property key="omit-pack-options" value="1"/>
        <property key="output-file-format" value="elf"/>
        <property key="preserve-all" value="false"/>
        <property key="preserve-file" value=""/>
        <property key="relaxed-math" value="false"/>
        <property key="save-temps" value="false"/>
      </C30Global>
      <item path="HAL_ISR_ADC.c" ex="false" overriding="false">
        <C30>
          <property key="cast-align" value="false"/>
          <property key="code-model" value="small-code"/>
          <property key="const-model" value="default"/>
          <property key="data-model" value="small-data"/>
          <property key="disable-instruction-scheduling" value="false"/>
          <property key="enable-all-warnings" value="true"/>
          <property key="enable-ansi-std" value="false"/>
          <property key="enable-ansi-warnings" value="false"/>
          <property key="enable-fatal-warnings" value="false"/>
          <property key="enable-large-arrays" value="false"/>
          <property key="enable-omit-frame-pointer" value="false"/>
          <property key="enable-procedural-abstraction" value="false"/>
          <property key="enable-short-double" value="false"/>
          <property key="enable-symbols" value="false"/>
          <property key="enable-unroll-loops" value="false"/>
          <property key="expand-pragma-config" value="false"/>
          <property key="extra-include-directories" value=""/>
          <property key="isolate-each-function" value="false"/>
          <property key="keep-inline" value="false"/>
          <property key="oXC16gcc-align-arr" value="false"/>
          <property key="oXC16gcc-cnsts-mauxflash" value="false"/>
          <property key="oXC16gcc-data-sects" value="false"/>
          <property key="oXC16gcc-errata" value=""/>
          <property key="oXC16gcc-fillupper" value=""/>
          <property key="oXC16gcc-large-aggregate" value="false"/>
          <property key="oXC16gcc-mauxflash" value="false"/>
          <property key="oXC16gcc-mpa-lvl" value=""/>
          <property key="oXC16gcc-name-text-sec" value=""/>
          <property key="oXC16gcc-near-chars" value="false"/>
          <property key="oXC16gcc-no-isr-warn" value="false"/>
          <property key="oXC16gcc-sfr-warn" value="false"/>
          <property key="oXC16gcc-smar-io-lvl" value="1"/>
          <property key="oXC16gcc-smart-io-fmt" value=""/>
          <property key="optimization-level" value="2"/>
          <property key="post-instruction-scheduling" value="default"/>
          <property key="pre-instruction-scheduling" value="default"/>
          <property key="preprocessor-macros"
                    value="SMI360_72;Uses_Bootloader;Uses_Console;Uses_Auto_Grid1;Uses_Debug;Uses_Diag1"/>
          <property key="scalar-model" value="small-scalar"/>
          <property key="use-cci" value="false"/>
          <property key="use-iar" value="false"/>
        </C30>
        <C30-AR>
          <property key="additional-options-chop-files" value="false"/>
        </C30-AR>
        <C30-AS>
          <property key="assembler-symbols" value=""/>
          <property key="expand-macros" value="false"/>
          <property key="extra-include-directories-for-assembler" value=""/>
          <property key="extra-include-directories-for-preprocessor" value=""/>
          <property key="false-conditionals" value="false"/>
          <property key="keep-locals" value="false"/>
          <property key="list-assembly" value="false"/>
          <property key="list-section-info" value="false"/>
          <property key="list-source" value="false"/>
          <property key="list-symbols" value="false"/>
          <property key="oXC16asm-extra-opts" value=""/>
          <property key="oXC16asm-list-to-file" value="false"/>
          <property key="omit-debug-dirs" value="false"/>
          <property key="omit-forms" value="false"/>
          <property key="preprocessor-macros" value=""/>
          <property key="relax" value="false"/>
          <property key="warning-level" value="emit-warnings"/>
        </C30-AS>
        <C30-CO>
          <property key="coverage-enable" value=""/>
          <property key="stack-guidance" value="false"/>
        </C30-CO>
        <C30-LD>
        </C30-LD>
        <C30Global>
        </C30Global>
      </item>
      <item path="HAL_ISR_Zero_Cross.c" ex="false" overriding="false">
        <C30>
          <property key="generic-16-bit.suppress" value="true"/>
          <property key="noEdsSupport" value="true"/>
          <property key="opt-xc16-linker-response-files.suppress" value="false"/>
          <property key="opt-xc32-ar-chop-files.suppress" value="false"/>
        </C30>
        <C30-AR>
          <property key="generic-16-bit.suppress" value="true"/>
          <property key="noEdsSupport" value="true"/>
          <property key="opt-xc16-linker-response-files.suppress" value="false"/>
          <property key="opt-xc32-ar-chop-files.suppress" value="false"/>
        </C30-AR>
        <C30-AS>
        </C30-AS>
        <C30-CO>
        </C30-CO>
        <C30-LD>
        </C30-LD>
        <C30Global>
        </C30Global>
      </item>
      <item path="HAL_PWM1.c" ex="false" overriding="false">
        <C30>
          <property key="cast-align" value="false"/>
          <property key="code-model" value="small-code"/>
          <property key="const-model" value="default"/>
          <property key="data-model" value="small-data"/>
          <property key="disable-instruction-scheduling" value="false"/>
          <property key="enable-all-warnings" value="true"/>
          <property key="enable-ansi-std" value="false"/>
          <property key="enable-ansi-warnings" value="false"/>
          <property key="enable-fatal-warnings" value="false"/>
          <property key="enable-large-arrays" value="false"/>
          <property key="enable-omit-frame-pointer" value="false"/>
          <property key="enable-procedural-abstraction" value="false"/>
          <property key="enable-short-double" value="false"/>
          <property key="enable-symbols" value="false"/>
          <property key="enable-unroll-loops" value="false"/>
          <property key="expand-pragma-config" value="false"/>
          <property key="extra-include-directories" value=""/>
          <property key="isolate-each-function" value="false"/>
          <property key="keep-inline" value="false"/>
          <property key="oXC16gcc-align-arr" value="false"/>
          <property key="oXC16gcc-cnsts-mauxflash" value="false"/>
          <property key="oXC16gcc-data-sects" value="false"/>
          <property key="oXC16gcc-errata" value=""/>
          <property key="oXC16gcc-fillupper" value=""/>
          <property key="oXC16gcc-large-aggregate" value="false"/>
          <property key="oXC16gcc-mauxflash" value="false"/>
          <property key="oXC16gcc-mpa-lvl" value=""/>
          <property key="oXC16gcc-name-text-sec" value=""/>
          <property key="oXC16gcc-near-chars" value="false"/>
          <property key="oXC16gcc-no-isr-warn" value="false"/>
          <property key="oXC16gcc-sfr-warn" value="false"/>
          <property key="oXC16gcc-smar-io-lvl" value="1"/>
          <property key="oXC16gcc-smart-io-fmt" value=""/>
          <property key="optimization-level" value="2"/>
          <property key="post-instruction-scheduling" value="default"/>
          <property key="pre-instruction-scheduling" value="default"/>
          <property key="preprocessor-macros"
                    value="SMI360_72;Uses_Bootloader;Uses_Console;Uses_Auto_Grid1;Uses_Debug;Uses_Diag1"/>
          <property key="scalar-model" value="small-scalar"/>
          <property key="use-cci" value="false"/>
          <property key="use-iar" value="false"/>
        </C30>
        <C30-AR>
          <property key="additional-options-chop-files" value="false"/>
        </C30-AR>
        <C30-AS>
          <property key="assembler-symbols" value=""/>
          <property key="expand-macros" value="false"/>
          <property key="extra-include-directories-for-assembler" value=""/>
          <property key="extra-include-directories-for-preprocessor" value=""/>
          <property key="false-conditionals" value="false"/>
          <property key="keep-locals" value="false"/>
          <property key="list-assembly" value="false"/>
          <property key="list-section-info" value="false"/>
          <property key="list-source" value="false"/>
          <property key="list-symbols" value="false"/>
          <property key="oXC16asm-extra-opts" value=""/>
          <property key="oXC16asm-list-to-file" value="false"/>
          <property key="omit-debug-dirs" value="false"/>
          <property key="omit-forms" value="false"/>
          <property key="preprocessor-macros" value=""/>
          <property key="relax" value="false"/>
          <property key="warning-level" value="emit-warnings"/>
        </C30-AS>
        <C30-CO>
          <property key="coverage-enable" value=""/>
          <property key="stack-guidance" value="false"/>
        </C30-CO>
        <C30-LD>
        </C30-LD>
        <C30Global>
        </C30Global>
      </item>
      <item path="HAL_PWM2.c" ex="false" overriding="false">
        <C30>
        </C30>
        <C30-AR>
        </C30-AR>
        <C30-AS>
        </C30-AS>
        <C30-CO>
        </C30-CO>
        <C30-LD>
        </C30-LD>
        <C30Global>
        </C30Global>
      </item>
      <ICD3PlatformTool>
        <property key="ADC 1" value="true"/>
        <property key="AutoSelectMemRanges" value="auto"/>
        <property key="CRC" value="true"/>
        <property key="Freeze All Other Peripherals" value="true"/>
        <property key="I2C1" value="true"/>
        <property key="I2C2" value="true"/>
        <property key="INPUT CAPTURE 1" value="true"/>
        <property key="INPUT CAPTURE 2" value="true"/>
        <property key="INPUT CAPTURE 3" value="true"/>
        <property key="INPUT CAPTURE 4" value="true"/>
        <property key="INPUT CAPTURE 5" value="true"/>
        <property key="OUTPUT COMPARE 1" value="true"/>
        <property key="OUTPUT COMPARE 2" value="true"/>
        <property key="OUTPUT COMPARE 3" value="true"/>
        <property key="OUTPUT COMPARE 4" value="true"/>
        <property key="OUTPUT COMPARE 5" value="true"/>
        <property key="SPI 1" value="true"/>
        <property key="SPI 2" value="true"/>
        <property key="SecureSegment.SegmentProgramming" value="FullChipProgramming"/>
        <property key="TIMER1" value="true"/>
        <property key="TIMER2" value="true"/>
        <property key="TIMER3" value="true"/>
        <property key="TIMER4" value="true"/>
        <property key="TIMER5" value="true"/>
        <property key="ToolFirmwareFilePath"
                  value="Press to browse for a specific firmware version"/>
        <property key="ToolFirmwareOption.UseLatestFirmware" value="true"/>
        <property key="UART 1" value="true"/>
        <property key="UART 2" value="true"/>
        <property key="debugoptions.useswbreakpoints" value="false"/>
        <property key="hwtoolclock.frcindebug" value="false"/>
        <property key="memories.aux" value="false"/>
        <property key="memories.bootflash" value="false"/>
        <property key="memories.configurationmemory" value="true"/>
        <property key="memories.configurationmemory2" value="true"/>
        <property key="memories.dataflash" value="true"/>
        <property key="memories.eeprom" value="true"/>
        <property key="memories.flashdata" value="true"/>
        <property key="memories.id" value="true"/>
        <property key="memories.programmemory" value="true"/>
        <property key="memories.programmemory.end" value="0xabfb"/>
        <property key="memories.programmemory.partition2" value="true"/>
        <property key="memories.programmemory.partition2.end"
                  value="${memories.programmemory.partition2.end.value}"/>
        <property key="memories.programmemory.partition2.start"
                  value="${memories.programmemory.partition2.start.value}"/>
        <property key="memories.programmemory.start" value="0x0"/>
        <property key="poweroptions.powerenable" value="false"/>
        <property key="programoptions.donoteraseauxmem" value="false"/>
        <property key="programoptions.eraseb4program" value="true"/>
        <property key="programoptions.preservedataflash" value="false"/>
        <property key="programoptions.preserveeeprom" value="false"/>
        <property key="programoptions.preserveprogramrange" value="false"/>
        <property key="programoptions.preserveprogramrange.end" value="0xabfb"/>
        <property key="programoptions.preserveprogramrange.start" value="0x0"/>
        <property key="programoptions.preserveuserid" value="false"/>
        <property key="programoptions.programcalmem" value="false"/>
        <property key="programoptions.programuserotp" value="false"/>
        <property key="programoptions.testmodeentrymethod" value="VDDFirst"/>
        <property key="programoptions.usehighvoltageonmclr" value="false"/>
        <property key="programoptions.uselvpprogramming" value="false"/>
        <property key="voltagevalue" value="3.25"/>
      </ICD3PlatformTool>
      <PICkit3PlatformTool>
        <property key="ADC 1" value="true"/>
        <property key="AutoSelectMemRanges" value="auto"/>
        <property key="CRC" value="true"/>
        <property key="Freeze All Other Peripherals" value="true"/>
        <property key="I2C1" value="true"/>
        <property key="I2C2" value="true"/>
        <property key="INPUT CAPTURE 1" value="true"/>
        <property key="INPUT CAPTURE 2" value="true"/>
        <property key="INPUT CAPTURE 3" value="true"/>
        <property key="INPUT CAPTURE 4" value="true"/>
        <property key="INPUT CAPTURE 5" value="true"/>
        <property key="OUTPUT COMPARE 1" value="true"/>
        <property key="OUTPUT COMPARE 2" value="true"/>
        <property key="OUTPUT COMPARE 3" value="true"/>
        <property key="OUTPUT COMPARE 4" value="true"/>
        <property key="OUTPUT COMPARE 5" value="true"/>
        <property key="SPI 1" value="true"/>
        <property key="SPI 2" value="true"/>
        <property key="SecureSegment.SegmentProgramming" value="FullChipProgramming"/>
        <property key="TIMER1" value="true"/>
        <property key="TIMER2" value="true"/>
        <property key="TIMER3" value="true"/>
        <property key="TIMER4" value="true"/>
        <property key="TIMER5" value="true"/>
        <property key="ToolFirmwareFilePath"
                  value="Press to browse for a specific firmware version"/>
        <property key="ToolFirmwareOption.UseLatestFirmware" value="true"/>
        <property key="UART 1" value="true"/>
        <property key="UART 2" value="true"/>
        <property key="debugoptions.useswbreakpoints" value="false"/>
        <property key="hwtoolclock.frcindebug" value="false"/>
        <property key="memories.aux" value="false"/>
        <property key="memories.bootflash" value="true"/>
        <property key="memories.configurationmemory" value="true"/>
        <property key="memories.configurationmemory2" value="true"/>
        <property key="memories.dataflash" value="true"/>
        <property key="memories.eeprom" value="true"/>
        <property key="memories.flashdata" value="true"/>
        <property key="memories.id" value="true"/>
        <property key="memories.instruction.ram" value="true"/>
        <property key="memories.instruction.ram.ranges"
                  value="${memories.instruction.ram.ranges}"/>
        <property key="memories.programmemory" value="true"/>
        <property key="memories.programmemory.ranges" value="0-abfb"/>
        <property key="poweroptions.powerenable" value="false"/>
        <property key="programmertogo.imagename" value=""/>
        <property key="programoptions.donoteraseauxmem" value="false"/>
        <property key="programoptions.eraseb4program" value="true"/>
        <property key="programoptions.pgmspeed" value="2"/>
        <property key="programoptions.preservedataflash" value="false"/>
        <property key="programoptions.preservedataflash.ranges"
                  value="${programoptions.preservedataflash.ranges}"/>
        <property key="programoptions.preserveeeprom" value="false"/>
        <property key="programoptions.preserveeeprom.ranges" value=""/>
        <property key="programoptions.preserveprogram.ranges" value=""/>
        <property key="programoptions.preserveprogramrange" value="false"/>
        <property key="programoptions.preserveuserid" value="false"/>
        <property key="programoptions.programcalmem" value="false"/>
        <property key="programoptions.programuserotp" value="false"/>
        <property key="programoptions.testmodeentrymethod" value="VDDFirst"/>
        <property key="programoptions.usehighvoltageonmclr" value="false"/>
        <property key="programoptions.uselvpprogramming" value="false"/>
        <property key="voltagevalue" value="3.25"/>
      </PICkit3PlatformTool>
      <item path="Pic24_Application.gld" ex="false" overriding="false">
        <C30>
        </C30>
        <C30-AR>
        </C30-AR>
        <C30-AS>
        </C30-AS>
        <C30-CO>
        </C30-CO>
        <C30-LD>
        </C30-LD>
        <C30Global>
        </C30Global>
      </item>
    </conf>
  </confs>
</configurationDescriptor>
