<?xml version="1.0" encoding="UTF-8"?>
<project xmlns="http://www.netbeans.org/ns/project/1">
    <type>com.microchip.mplab.nbide.embedded.makeproject</type>
    <configuration>
        <data xmlns="http://www.netbeans.org/ns/make-project/1">
            <name>HV_3_37</name>
            <creation-uuid>e71e9f5e-a664-4477-885f-689a57e233f0</creation-uuid>
            <make-project-type>0</make-project-type>
            <c-extensions>c</c-extensions>
            <cpp-extensions/>
            <header-extensions>h</header-extensions>
            <asminc-extensions/>
            <sourceEncoding>ISO-8859-1</sourceEncoding>
            <make-dep-projects/>
            <sourceRootList>
                <sourceRootElem>.</sourceRootElem>
                <sourceRootElem>C:/PvKey/Bootloader-12/HV_G_1_7_A_240-05</sourceRootElem>
                <sourceRootElem>../P24_HV_2_10-02</sourceRootElem>
                <sourceRootElem>../P24_HV_2_18-11</sourceRootElem>
            </sourceRootList>
            <confList>
                <confElem>
                    <name>Bootloader_360_72</name>
                    <type>2</type>
                </confElem>
                <confElem>
                    <name>Pickit_360_72</name>
                    <type>2</type>
                </confElem>
                <confElem>
                    <name>Bootloader_480_60</name>
                    <type>2</type>
                </confElem>
                <confElem>
                    <name>Bootloader_240_60</name>
                    <type>2</type>
                </confElem>
            </confList>
            <formatting>
                <project-formatting-style>false</project-formatting-style>
            </formatting>
        </data>
    </configuration>
</project>
