<?xml version="1.0" encoding="UTF-8"?>
<project-private xmlns="http://www.netbeans.org/ns/project-private/1">
    <editor-bookmarks xmlns="http://www.netbeans.org/ns/editor-bookmarks/2" lastBookmarkId="9">
        <file>
            <url>HAL_Console1.c</url>
            <bookmark id="8">
                <name/>
                <line>103</line>
                <key/>
            </bookmark>
            <bookmark id="9">
                <name/>
                <line>485</line>
                <key/>
            </bookmark>
        </file>
        <file>
            <url>Enecsys1.c</url>
            <bookmark id="3">
                <name/>
                <line>363</line>
                <key/>
            </bookmark>
            <bookmark id="2">
                <name/>
                <line>433</line>
                <key/>
            </bookmark>
        </file>
    </editor-bookmarks>
    <open-files xmlns="http://www.netbeans.org/ns/projectui-open-files/2">
        <group/>
    </open-files>
</project-private>
